{"Amplitudes": {"AmpS1": 2286, "AmpS2": 3829, "AmpS3": 7308}, "ActualFractions": {"Frac1": 1.0, "Frac2": 0.0, "Frac3": 0.0}, "ActualConcentrations": {"Species1": 3.1955806861878003e-11, "Species2": 0.0, "Species3": 0.0}, "Extra": {"Concentration": 3.1955806861878003e-11}}