{"Amplitudes": {"AmpS1": 1055, "AmpS2": 1809, "AmpS3": 3158}, "ActualFractions": {"Frac1": 0.9999999999999999, "Frac2": 0.0, "Frac3": 0.0}, "ActualConcentrations": {"Species1": 1.913509509563147e-11, "Species2": 0.0, "Species3": 0.0, "Total": 1.9135095095631472e-11}, "SimulationInputs": {"D": 1e-11, "totaltime": 60, "binDt": 5e-06, "w0": 3e-07, "axialFactor": 3, "vFlow": 0.0005, "bgRate": 100.0, "sigma_bS1": -1, "sigma_bS2": null, "sigma_bS3": null}, "Other": {"Seed": 3880}}