{"Amplitudes": {"AmpS1": 568, "AmpS2": 2081, "AmpS3": 5778}, "ActualFractions": {"Frac1": 0.4046397822627025, "Frac2": 0.5953602177372974, "Frac3": 0.0}, "ActualConcentrations": {"Species1": 9.530232045153056e-12, "Species2": 1.4022153219244366e-11, "Species3": 0.0}, "Extra": {"Concentration": 2.3552385264397425e-11}}