{"Amplitudes": {"AmpS1": 76, "AmpS2": 1814, "AmpS3": 3608}, "ActualFractions": {"Frac1": 0.40788677240300103, "Frac2": 0.5921132275969989, "Frac3": 0.0}, "ActualConcentrations": {"Species1": 1.6638435725905806e-11, "Species2": 2.4153364478555513e-11, "Species3": 0.0, "Total": 4.079180020446132e-11}, "SimulationInputs": {"D": 1e-11, "totaltime": 60, "binDt": 5e-06, "w0": 3e-07, "axialFactor": 3, "vFlow": 0.0005, "bgRate": 100.0, "sigma_bS1": 0.15589958297126102, "sigma_bS2": 0.09898288089233494, "sigma_bS3": null}, "Other": {"Seed": 8053}}