{"Amplitudes": {"AmpS1": 1483, "AmpS2": 2601, "AmpS3": 4246}, "ActualFractions": {"Frac1": 0.46936391456746457, "Frac2": 0.37202791909612576, "Frac3": 0.15860816633640962}, "ActualConcentrations": {"Species1": 2.5739542738437097e-11, "Species2": 2.0401714376127554e-11, "Species3": 8.69794534554989e-12, "Total": 5.483920246011454e-11}, "SimulationInputs": {"D": 1e-11, "totaltime": 60, "binDt": 5e-06, "w0": 3e-07, "axialFactor": 3, "vFlow": 0.0005, "bgRate": 100.0, "sigma_bS1": 0.14286436205612682, "sigma_bS2": 0.18112344715920958, "sigma_bS3": 0.1974874783661909}, "Other": {"Seed": 8087}}