{
    "Amplitudes": {
        "AmpS1": 2624,
        "AmpS2": 5558,
        "AmpS3": 7679
    },
    "ActualFractions": {
        "Frac1": 0.3929736398764911,
        "Frac2": 0.2506129265631426,
        "Frac3": 0.35641343356036637
    },
    "ActualConcentrations": {
        "Species1": 2.8705850360802724e-11,
        "Species2": 1.8306716884790175e-11,
        "Species3": 2.6035208604779092e-11
    },
    "Extra": {
        "Concentration": 7.304777585037199e-11
    }
}