{"Amplitudes": {"AmpS1": 453, "AmpS2": 1644, "AmpS3": 2320}, "ActualFractions": {"Frac1": 0.7321015161831959, "Frac2": 0.26789848381680403, "Frac3": 0.0}, "ActualConcentrations": {"Species1": 4.73928503934788e-11, "Species2": 1.7342503032041964e-11, "Species3": 0.0, "Total": 6.473535342552077e-11}, "SimulationInputs": {"D": 1e-11, "totaltime": 60, "binDt": 5e-06, "w0": 3e-07, "axialFactor": 3, "vFlow": 0.0005, "bgRate": 100.0, "sigma_bS1": 0.05193801803027745, "sigma_bS2": 0.03544242408036163, "sigma_bS3": null}, "Other": {"Seed": 7646}}