{
    "Amplitudes": {
        "AmpS1": 5000,
        "AmpS2": 8000,
        "AmpS3": 2000
    },
    "ActualFractions": {
        "Frac1": 0.31428443129334077,
        "Frac2": 0.3120871415434587,
        "Frac3": 0.37362842716320055
    },
    "ActualConcentrations": {
        "Species1": 7.064685485029285e-10,
        "Species2": 7.015293407481839e-10,
        "Species3": 8.39865759596127e-10
    },
    "Extra": {
        "Concentration": 2.2478636488472395e-09
    }
}