{
    "Amplitudes": {
        "AmpS1": 2419,
        "AmpS2": 5787,
        "AmpS3": 7302
    },
    "ActualFractions": {
        "Frac1": 0.6647159499884526,
        "Frac2": 0.3352840500115473,
        "Frac3": 0.0
    },
    "ActualConcentrations": {
        "Species1": 4.712129046695291e-10,
        "Species2": 2.3768072828408805e-10,
        "Species3": 0.0
    },
    "Extra": {
        "Concentration": 7.088936329536172e-10
    }
}