{"Amplitudes": {"AmpS1": 1299, "AmpS2": 4149, "AmpS3": 6937}, "ActualFractions": {"Frac1": 1.0, "Frac2": 0.0, "Frac3": 0.0}, "ActualConcentrations": {"Species1": 5.895156697615755e-11, "Species2": 0.0, "Species3": 0.0}, "Extra": {"Concentration": 5.895156697615755e-11}}