{"Amplitudes": {"AmpS1": 1534, "AmpS2": 2110, "AmpS3": 3354}, "ActualFractions": {"Frac1": 0.5457491056880084, "Frac2": 0.254754877261272, "Frac3": 0.1994960170507195}, "ActualConcentrations": {"Species1": 1.923780249791625e-11, "Species2": 8.980177819906472e-12, "Species3": 7.0322881616166845e-12, "Total": 3.525026847943941e-11}, "SimulationInputs": {"D": 1e-11, "totaltime": 60, "binDt": 5e-06, "w0": 3e-07, "axialFactor": 3, "vFlow": 0.0005, "bgRate": 100.0, "sigma_bS1": 0.001181005453397277, "sigma_bS2": 0.1613137130814026, "sigma_bS3": 0.14851974294963874}, "Other": {"Seed": 7939}}