{"Amplitudes": {"AmpS1": 1360, "AmpS2": 4154, "AmpS3": 6784}, "ActualFractions": {"Frac1": 1.0, "Frac2": 0.0, "Frac3": 0.0}, "ActualConcentrations": {"Species1": 5.6561151016638934e-11, "Species2": 0.0, "Species3": 0.0}, "Extra": {"Concentration": 5.6561151016638934e-11}, "Odata": {"PCHbins": [198, 0, 1, 1, 0, 0, 0, 0, 0, 0, 0, 0, 0, 0, 0, 0, 0, 0, 0, 0, 0, 0, 0, 0, 0, 0, 0, 0, 0, 0, 0, 0, 0, 0, 0, 0, 0, 0, 0, 0, 0, 0, 0, 0, 0, 0, 0, 0, 0, 0, 0, 0, 0, 0, 0, 0, 0, 0, 0, 0, 0, 0, 0, 0, 0, 0, 0, 0, 0, 0, 0, 0, 0, 0, 0, 0, 0, 0, 0, 0, 0, 0, 0, 0, 0, 0, 0, 0, 0, 0, 0, 0, 0, 0, 0, 0, 0, 0, 0, 0], "PCHedges": [0.0, 120.0, 240.0, 360.0, 480.0, 600.0, 720.0, 840.0, 960.0, 1080.0, 1200.0, 1320.0, 1440.0, 1560.0, 1680.0, 1800.0, 1920.0, 2040.0, 2160.0, 2280.0, 2400.0, 2520.0, 2640.0, 2760.0, 2880.0, 3000.0, 3120.0, 3240.0, 3360.0, 3480.0, 3600.0, 3720.0, 3840.0, 3960.0, 4080.0, 4200.0, 4320.0, 4440.0, 4560.0, 4680.0, 4800.0, 4920.0, 5040.0, 5160.0, 5280.0, 5400.0, 5520.0, 5640.0, 5760.0, 5880.0, 6000.0, 6120.0, 6240.0, 6360.0, 6480.0, 6600.0, 6720.0, 6840.0, 6960.0, 7080.0, 7200.0, 7320.0, 7440.0, 7560.0, 7680.0, 7800.0, 7920.0, 8040.0, 8160.0, 8280.0, 8400.0, 8520.0, 8640.0, 8760.0, 8880.0, 9000.0, 9120.0, 9240.0, 9360.0, 9480.0, 9600.0, 9720.0, 9840.0, 9960.0, 10080.0, 10200.0, 10320.0, 10440.0, 10560.0, 10680.0, 10800.0, 10920.0, 11040.0, 11160.0, 11280.0, 11400.0, 11520.0, 11640.0, 11760.0, 11880.0, 12000.0], "D": 7e-12, "Truebins": [0, 64, 151, 30, 1, 0, 0, 0, 0, 0, 0, 0, 0, 0, 0, 0, 0, 0, 0, 0], "Trueedges": [0.0, 600.0, 1200.0, 1800.0, 2400.0, 3000.0, 3600.0, 4200.0, 4800.0, 5400.0, 6000.0, 6600.0, 7200.0, 7800.0, 8400.0, 9000.0, 9600.0, 10200.0, 10800.0, 11400.0, 12000.0]}}