{"Amplitudes": {"AmpS1": 1308, "AmpS2": 2628, "AmpS3": 4851}, "ActualFractions": {"Frac1": 0.2264118940029434, "Frac2": 0.4150437525379802, "Frac3": 0.3585443534590764}, "ActualConcentrations": {"Species1": 6.437009922488674e-12, "Species2": 1.1799913450303015e-11, "Species3": 1.0193605645286274e-11, "Total": 2.8430529018077962e-11}, "SimulationInputs": {"D": 1e-11, "totaltime": 60, "binDt": 5e-06, "w0": 3e-07, "axialFactor": 3, "vFlow": 0.0005, "bgRate": 100.0, "sigma_bS1": 0.1798900417483675, "sigma_bS2": 0.09755765688564105, "sigma_bS3": 0.013563197613915647}, "Other": {"Seed": 7912}}