{"Amplitudes": {"AmpS1": 1495, "AmpS2": 2316, "AmpS3": 4440}, "ActualFractions": {"Frac1": 1.0, "Frac2": 0.0, "Frac3": 0.0}, "ActualConcentrations": {"Species1": 1.7184814077096092e-11, "Species2": 0.0, "Species3": 0.0, "Total": 1.7184814077096092e-11}, "SimulationInputs": {"D": 1e-11, "totaltime": 60, "binDt": 5e-06, "w0": 3e-07, "axialFactor": 3, "vFlow": 0.0005, "bgRate": 100.0, "sigma_bS1": 0.14290348357769866, "sigma_bS2": null, "sigma_bS3": null}, "Other": {"Seed": 7647}}