{"Amplitudes": {"AmpS1": 461, "AmpS2": 1446, "AmpS3": 3982}, "ActualFractions": {"Frac1": 0.3506691880441366, "Frac2": 0.6493308119558634, "Frac3": 0.0}, "ActualConcentrations": {"Species1": 1.6032014483526793e-11, "Species2": 2.968632927215254e-11, "Species3": 0.0, "Total": 4.571834375567933e-11}, "SimulationInputs": {"D": 1e-11, "totaltime": 60, "binDt": 5e-06, "w0": 3e-07, "axialFactor": 3, "vFlow": 0.0005, "bgRate": 100.0, "sigma_bS1": 0.0740229778514837, "sigma_bS2": 0.11661262533790062, "sigma_bS3": null}, "Other": {"Seed": 8048}}