{"Amplitudes": {"AmpS1": 52, "AmpS2": 572, "AmpS3": 3850}, "ActualFractions": {"Frac1": 0.3584428097953154, "Frac2": 0.40381264674366135, "Frac3": 0.23774454346102322}, "ActualConcentrations": {"Species1": 1.5228269888114945e-11, "Species2": 1.7155785527844792e-11, "Species3": 1.010046225873116e-11, "Total": 4.2484517674690896e-11}, "SimulationInputs": {"D": 1e-11, "totaltime": 60, "binDt": 5e-06, "w0": 3e-07, "axialFactor": 3, "vFlow": 0.0005, "bgRate": 100.0, "sigma_bS1": 0.11752487062898863, "sigma_bS2": 0.03752153817095636, "sigma_bS3": 0.1796899909593253}, "Other": {"Seed": 7715}}