{"Amplitudes": {"AmpS1": 1675, "AmpS2": 2761, "AmpS3": 4872}, "ActualFractions": {"Frac1": 0.6213998880615524, "Frac2": 0.21814784598055123, "Frac3": 0.1604522659578965}, "ActualConcentrations": {"Species1": 3.9219377328820266e-11, "Species2": 1.3768304194050857e-11, "Species3": 1.0126873343182243e-11, "Total": 6.311455486605335e-11}, "SimulationInputs": {"D": 1e-11, "totaltime": 60, "binDt": 5e-06, "w0": 3e-07, "axialFactor": 3, "vFlow": 0.0005, "bgRate": 100.0, "sigma_bS1": 0.0018670530445750845, "sigma_bS2": 0.12036350987799721, "sigma_bS3": 0.027136539535535742}, "Other": {"Seed": 7645}}